Ticker,Beta,Alpha,R_Squared,Correlation,Volatility,Security,GICS Sector
APA,1.9504802306078584,-0.002469304415190315,0.2868024470239706,0.535539398199582,0.8720844964285028,APA Corporation,Energy
NCLH,1.9367770039299843,-0.0026942606099209605,0.32404417115118156,0.5692487779092561,0.8146779319255532,Norwegian Cruise Line Holdings,Consumer Discretionary
CVNA,1.9199095993306494,0.0025116501949693964,0.30910495265569027,0.5559720790252785,0.8268681000161593,Carvana,Consumer Discretionary
CCL,1.8373474513096075,-0.0028129054163868105,0.3679645015550125,0.6066007760916671,0.7252650821932887,Carnival,Consumer Discretionary
TRGP,1.8301363839659814,-0.0018671089030882827,0.2831608225877288,0.532128577119975,0.8235222011203736,Targa Resources,Energy
RCL,1.8095719668212882,-0.0018347505564341084,0.37186871869724347,0.6098103956946324,0.7105415438490443,Royal Caribbean Group,Consumer Discretionary
MGM,1.790475425493799,-0.0016517475520468916,0.4640328800640132,0.6811995890075192,0.6293647669737554,MGM Resorts,Consumer Discretionary
HAL,1.779042915001656,-0.002618855270507146,0.44674187634970564,0.6683875195945135,0.63733318445862,Halliburton,Energy
AMP,1.7708860853578159,-0.0006873557979911321,0.76472952386289,0.8744881496412001,0.48489213081204285,Ameriprise Financial,Financials
OXY,1.7262379082508437,-0.0027666769673931335,0.3293980812430095,0.5739321225049263,0.7201924367582757,Occidental Petroleum,Energy
XYZ,1.7082948685545214,0.0012776600030508442,0.4582957124119026,0.6769754149242811,0.6042245660673521,"Block, Inc.",Financials
DVN,1.69817010618707,-0.0027487489976571805,0.37351488806076694,0.6111586439385169,0.6653278027617758,Devon Energy,Energy
ON,1.6822247449069645,-0.0006444539922415951,0.46805316118160245,0.6841441084900188,0.5887689044418839,ON Semiconductor,Information Technology
TPR,1.6750840332864412,-0.002324423388140804,0.4537210175937676,0.6735881661622086,0.5954572529518909,"Tapestry, Inc.",Consumer Discretionary
BA,1.655419275218408,-0.0013354611342433279,0.4711368998580786,0.6863941286593869,0.5774878973855547,Boeing,Industrials
FCX,1.634547283993815,-0.001121072343902779,0.4871843289189789,0.697985908825514,0.5607370758691806,Freeport-McMoRan,Materials
URI,1.6341744654860664,-0.0007187158774192177,0.5666125705126657,0.7527367205820807,0.5198328934111575,United Rentals,Industrials
MPC,1.6182945635653836,-0.001329656223341326,0.48471953058576833,0.6962180194348382,0.5565712322264715,Marathon Petroleum,Energy
WDC,1.6024303444777646,-0.0014192772206960088,0.4881326250289716,0.698664887502565,0.549185019278423,Western Digital,Information Technology
PRU,1.595709425793827,-0.0013147919711967544,0.7152823365587097,0.8457436588935856,0.4517763573383392,Prudential Financial,Financials
LRCX,1.5929226870634567,0.00046038448569209385,0.5822105940855369,0.7630272564499494,0.49987691983534066,Lam Research,Information Technology
SYF,1.5916286187093565,-0.0012700798866068772,0.5676032187166421,0.7533944642195363,0.5058569882111346,Synchrony Financial,Financials
WYNN,1.5898594484416992,-0.001545704255379691,0.38988231489255065,0.624405569235694,0.6096778308612126,Wynn Resorts,Consumer Discretionary
OKE,1.5831842136241936,-0.001341217225671442,0.37955510897194233,0.6160804403419591,0.6153220371744234,Oneok,Energy
KEY,1.5750747595418342,-0.0012631480277397501,0.5806741560451237,0.7620197871742728,0.4949295252002164,KeyCorp,Financials
C,1.570468635973682,-0.0010687274585519093,0.6938746076474767,0.8329913610881428,0.45143706044975895,Citigroup,Financials
IVZ,1.5699667125828225,-0.0022691419789503562,0.5624451431251527,0.7499634278584207,0.5012550928235324,Invesco,Financials
COF,1.5607250917854707,-0.0012266177237080828,0.6238117966078375,0.7898175717264319,0.4731600404252569,Capital One,Financials
FANG,1.5597430966611445,-0.0023729984549032456,0.28642518688415475,0.5351870578444087,0.6978400793260026,Diamondback Energy,Energy
TTD,1.5583849438886601,0.002939777692272532,0.2801518236795526,0.5292937026637974,0.7049956803473661,Trade Desk (The),Communication Services
BLDR,1.558376363748702,-0.0005516465111260813,0.41066737043546764,0.6408333406085134,0.5822851213928496,Builders FirstSource,Industrials
CFG,1.5500367688748646,-0.0012393146421749521,0.5622572984897671,0.749838181536368,0.4949745719976366,Citizens Financial Group,Financials
AMAT,1.5486782716351586,-0.00023532866566368127,0.5958855087949418,0.7719362077237616,0.4803836662852051,Applied Materials,Information Technology
NVDA,1.5474598269757038,0.0005818523236695599,0.51764507836108,0.7194755578621699,0.5150053942524508,Nvidia,Information Technology
MU,1.5409019372017336,-0.00035381693353625667,0.4876366222422742,0.6983098325544861,0.5283665109279992,Micron Technology,Information Technology
MPWR,1.5253032737148562,0.0006910895061693566,0.6435114657775465,0.8021916639915593,0.45528830734115067,Monolithic Power Systems,Information Technology
SWK,1.5225760039455458,-0.0006141968171414981,0.6156645885909449,0.7846429688660599,0.4646386499445097,Stanley Black & Decker,Industrials
FITB,1.5204131180414562,-0.0011550416372675303,0.5641653088993224,0.7511093854421755,0.484693123802332,Fifth Third Bancorp,Financials
ALGN,1.5181922320805699,2.4176170167947218e-05,0.4176541383132447,0.6462616639668829,0.56250554738431,Align Technology,Health Care
UAL,1.5180003214540283,-0.0016507234187028371,0.30592275700275984,0.5531028448695229,0.6571649777119009,United Airlines Holdings,Industrials
MCHP,1.5131323775861438,-0.00022985845226336336,0.5934312680116336,0.770344901983283,0.4703272596625534,Microchip Technology,Information Technology
WY,1.5122611450795755,-0.000856711515547705,0.5978692694728882,0.7732200653584261,0.4683085830533235,Weyerhaeuser,Real Estate
PAYC,1.5065434415743155,0.0014972278684758948,0.4992914520445898,0.7066055844985872,0.5105203202299207,Paycom,Industrials
KLAC,1.4809486178414033,0.0005375927727427117,0.615091819674462,0.7842778969692198,0.45214575145725117,KLA Corporation,Information Technology
LYB,1.4784523843531538,-0.0011162135493059556,0.5582955549551362,0.7471917792341777,0.4737876066326153,LyondellBasell,Materials
PFG,1.4752418775290712,-0.0010783987659291959,0.6443372581298792,0.8027062091013619,0.44006319653093634,Principal Financial Group,Financials
PH,1.462979797437114,-0.0005696732593357361,0.6825021220341922,0.8261368664054362,0.4240282242594415,Parker Hannifin,Industrials
RF,1.4603171469481744,-0.0011978991904596746,0.5702148910219753,0.7551257451722693,0.4630590182254429,Regions Financial Corporation,Financials
SLB,1.4561855547268934,-0.0024088107991676174,0.4655012647744753,0.6822765310154495,0.5110515680550021,Schlumberger,Energy
APTV,1.4557164588201927,-0.0005715303010013915,0.44303812205422244,0.665611089191145,0.523678426222003,Aptiv,Consumer Discretionary
MS,1.4482755252953063,-0.0004063450717909273,0.7434128461889636,0.8622139213611458,0.40220234654598913,Morgan Stanley,Financials
AMD,1.4420134887972633,0.0020089251586224285,0.33452045879419623,0.5783774362768626,0.5969891254456263,Advanced Micro Devices,Information Technology
VLO,1.4398595199704585,-0.0011590028527572772,0.5007135731390886,0.7076111736957581,0.4872298409693615,Valero Energy,Energy
AIG,1.4350707267715386,-0.001359808463733846,0.5382589460566758,0.7336613292634929,0.4683668148966316,American International Group,Financials
MET,1.4249062991014527,-0.0007722129847128729,0.7037229162979303,0.838881944195922,0.4067184733602657,MetLife,Financials
TXT,1.423026823495809,-0.001343237372454184,0.5486898426963692,0.7407360141753397,0.4600002475276151,Textron,Industrials
DRI,1.4180787570461528,-0.0007459975767305673,0.41475183416483474,0.6440122934889013,0.5272476259546527,Darden Restaurants,Consumer Discretionary
HWM,1.4083949478147388,-0.0008777940822248405,0.4038080888690444,0.635458959232651,0.5306954823587615,Howmet Aerospace,Industrials
COP,1.4066978037608835,-0.0009052556376299185,0.493404926484165,0.7024278799166248,0.47952086380177117,ConocoPhillips,Energy
BKR,1.40571028177077,-0.0015527154179724742,0.4640600456681514,0.6812195282492656,0.4941026367026514,Baker Hughes,Energy
APO,1.401051523265329,0.00041460869574012774,0.5232333497965523,0.7233487055331972,0.46378301258507093,Apollo Global Management,Financials
AXP,1.3950090151662626,-0.0004910564090193983,0.6933111420587514,0.8326530742504648,0.4011634555807788,American Express,Financials
MOS,1.391536793641767,-0.0015411123739385733,0.3686512985542253,0.6071666151512493,0.5487761761991997,Mosaic Company (The),Materials
BAC,1.3911857995773345,-0.0008067774922108409,0.7037231676451544,0.8388820940067526,0.39709338352624995,Bank of America,Financials
SWKS,1.3862661266129201,5.7091253492970646e-05,0.5813425684261273,0.7624582404473886,0.43535044039675286,Skyworks Solutions,Information Technology
FICO,1.3732814496725674,0.001061334225743686,0.595228912261459,0.7715107985384647,0.4262123049034301,Fair Isaac,Information Technology
GPN,1.3557804272319587,0.0003774781795132912,0.7196669304170406,0.8483318515870077,0.38267670493276373,Global Payments,Financials
NXPI,1.3552104352595118,-0.0003811973026129958,0.44727565388562396,0.6687867028325426,0.48520754631426694,NXP Semiconductors,Information Technology
TFC,1.351264219717777,-0.0008442825567161553,0.5722152819246369,0.7564491271226618,0.42772928952622014,Truist Financial,Financials
SPG,1.348729802557471,-0.0018631004013034142,0.34313988521575567,0.5857814312657542,0.5513124404883446,Simon Property Group,Real Estate
RJF,1.343388723764238,-0.0007677281230752242,0.6414498277978293,0.8009056297703429,0.40163244712371937,Raymond James Financial,Financials
TDG,1.3284605427188299,0.0004131445333473691,0.4393343934271685,0.6628230483524004,0.47990966598525714,TransDigm Group,Industrials
JBL,1.325249319614923,-5.560070236027833e-05,0.557877418452946,0.7469119214826782,0.4248509932402561,Jabil,Information Technology
STT,1.324901764658999,-0.0010639643637454545,0.5750298479265763,0.7583072252897083,0.4183568879701879,State Street Corporation,Financials
GLW,1.3189445309005463,-0.0005440247601587525,0.6638357932769986,0.8147611878808401,0.38761862616869563,Corning Inc.,Information Technology
KKR,1.3173650666442518,0.0003784975587732956,0.5991055293789087,0.774019075591105,0.4075331281985373,KKR & Co.,Financials
EOG,1.3139883926906637,-0.001723571836453846,0.38054370783069225,0.6168822479458234,0.510032317430931,EOG Resources,Energy
EPAM,1.3138475052020084,0.0009289940981994088,0.5844062178677358,0.7644646609672265,0.4115247748560678,EPAM Systems,Information Technology
GS,1.3138138380739002,-0.0006929117340698945,0.6988728637256945,0.8359861624008472,0.37630776699881463,Goldman Sachs,Financials
STLD,1.3108648706269679,-0.0011610199661899645,0.4794183075322306,0.6924003953871132,0.45332436009602034,Steel Dynamics,Materials
TER,1.3078846898964807,0.0006146290302651524,0.485284849241453,0.6966238936768195,0.4495515804945016,Teradyne,Information Technology
DAL,1.3061095075966025,-0.001533195259358802,0.3636391632970213,0.6030250105070447,0.518624113142556,Delta Air Lines,Industrials
WFC,1.30359064172282,-0.0017110389272884403,0.6105454426518524,0.7813740734448846,0.3994759851174556,Wells Fargo,Financials
CBRE,1.303167814207413,-0.0004244323491682451,0.5874987210422171,0.7664846515372743,0.40710395511865793,CBRE Group,Real Estate
VTR,1.3005795902283022,-0.0010208675877560135,0.3220719939561746,0.5675138711575025,0.5487428729231542,Ventas,Real Estate
L,1.2970123937090279,-0.0009444868333537532,0.6796366212995144,0.8244007649799421,0.3767160981167292,Loews Corporation,Financials
PNC,1.2957830343144177,-0.0008577688927170449,0.6566449100943217,0.8103362944446719,0.3828912462975452,PNC Financial Services,Financials
ADSK,1.2914114229206308,0.0007872665327624444,0.533610321772896,0.7304863597445854,0.42331236258933813,Autodesk,Information Technology
LYV,1.2880744899729413,-0.00017786275931687564,0.38501263441772804,0.6204938633199591,0.4970635621067169,Live Nation Entertainment,Communication Services
MCO,1.2870377285159567,0.0006668578737210231,0.7202884769492803,0.8486981070729922,0.36311691816860286,Moody's Corporation,Financials
CVX,1.2788833249232596,-0.0008887692047188686,0.5857782281419623,0.7653615016068956,0.40010386895102784,Chevron Corporation,Energy
BX,1.278188669665989,0.0006052137126790402,0.6286975553695913,0.7929045058325697,0.3859957446809635,Blackstone Inc.,Financials
AVGO,1.2757398862467877,-3.41638902176003e-05,0.5225153032757834,0.7228522001597446,0.42259180033793525,Broadcom,Information Technology
CF,1.274519787299975,-0.0008879987702731145,0.46878419177229835,0.684678166566087,0.44572658974687673,CF Industries,Materials
MA,1.27253639120876,0.0006563554329661143,0.7453997825628215,0.8633653818417915,0.35292629687629756,Mastercard,Financials
GE,1.2664304217344016,-0.0017966367750961454,0.3673021544036269,0.6060545803833405,0.5003547601852595,GE Aerospace,Industrials
JPM,1.2651296890733081,-0.0004745719621727012,0.7070647559139284,0.8408714265058175,0.3602582140783771,JPMorgan Chase,Financials
WSM,1.2650694795280266,0.00039484259419362254,0.3858562027989313,0.6211732470083785,0.4876520727161133,"Williams-Sonoma, Inc.",Consumer Discretionary
GM,1.2638501704133236,-0.0010202664435975874,0.5024092988388609,0.7088083653843688,0.4269482090434142,General Motors,Consumer Discretionary
PSKY,1.2637017334791498,-0.0016986376047820992,0.380991557691459,0.6172451358183866,0.49022487484606714,Paramount Skydance Corporation,Communication Services
PSX,1.2636796936258268,-0.0010428297574168678,0.5071565681954603,0.7121492597731605,0.42488795422916276,Phillips 66,Energy
INTC,1.2588663583937876,3.262376065671385e-05,0.5694527644723547,0.7546209409182563,0.39944704634472233,Intel,Information Technology
FIX,1.256858223625621,-0.0004740829704506058,0.43927785209410786,0.6627803950737434,0.45407237059913663,Comfort Systems USA,Industrials
ADI,1.256538592113119,3.4971160482350134e-05,0.5997754620391502,0.7744517170483581,0.3884990166811777,Analog Devices,Information Technology
GL,1.2501546004633917,-0.0006926992259718358,0.7276237445548384,0.8530086427198953,0.3509285736186579,Globe Life,Financials
NDSN,1.2479158198280138,-4.106551181449526e-06,0.6646233787908351,0.8152443675308864,0.36652695811736025,Nordson Corporation,Industrials
TSLA,1.246501628984069,0.001971880953499472,0.2061602932900939,0.4540487785360664,0.6573531947601956,"Tesla, Inc.",Consumer Discretionary
EMR,1.24358718454728,-0.0004955387499948886,0.6237049737788638,0.7897499438296048,0.37704663867495986,Emerson Electric,Industrials
BLK,1.242604568610726,-0.00010937893861981716,0.7072352514954151,0.840972800687047,0.3538013090959083,BlackRock,Financials
ETN,1.2419481266680512,-6.243400876832162e-05,0.6820523220710122,0.8258645906388122,0.3600833580491023,Eaton Corporation,Industrials
HBAN,1.2413861335388128,-0.0010444301204749766,0.5214812834656755,0.7221366099746473,0.411619524220547,Huntington Bancshares,Financials
TROW,1.2402356363103733,7.563415891810582e-05,0.7014700926208661,0.8375381141302564,0.35457496239210295,T. Rowe Price,Financials
HPQ,1.2373710007417318,-0.0006247053107943216,0.49679619751043,0.7048377100513492,0.4203579266818857,HP Inc.,Information Technology
ZBRA,1.234416556618645,0.0010754591010867173,0.44813561019016546,0.6694293167991417,0.44153531942854785,Zebra Technologies,Information Technology
LOW,1.2341906664536308,0.0003476776464068707,0.5754920535450498,0.7586119255225621,0.3895570168126636,Lowe's,Consumer Discretionary
NTRS,1.232322376239451,-0.0007245561370840879,0.6639355118608194,0.8148223805596035,0.36213443588202654,Northern Trust,Financials
UHS,1.2296464019883608,-0.0006886228661773822,0.45667347074813525,0.6757761987138455,0.4356982253882741,Universal Health Services,Health Care
PYPL,1.2280369174352976,0.0009031707292570976,0.5867476815809995,0.7659945702033403,0.38387883750421414,PayPal,Financials
TPL,1.225964310052796,3.01410747048311e-06,0.2944803051357481,0.5426603957686138,0.5409512632787291,Texas Pacific Land Corporation,Energy
ISRG,1.2252040298174698,0.0004250294174082509,0.6134878494016511,0.7832546516948692,0.3745535115161363,Intuitive Surgical,Health Care
HPE,1.2140449111389051,-0.0009575086523456141,0.4996741873881987,0.7068763593360573,0.41124415152131916,Hewlett Packard Enterprise,Information Technology
NSC,1.214026561764919,3.163546609708391e-05,0.6485968895245273,0.8053551325499373,0.3609517878310408,Norfolk Southern,Industrials
DD,1.2132707794434947,-0.0013317717936222996,0.5231311433249626,0.7232780539494905,0.4016621324777465,DuPont,Materials
USB,1.2126103696183237,-0.0009406512686488177,0.6187380695049234,0.7865990525705738,0.3691274122099705,U.S. Bancorp,Financials
ADBE,1.2103611196557358,0.0009604942742580318,0.6106010978432026,0.7814096862998322,0.37088956387324157,Adobe Inc.,Information Technology
RTX,1.2102707246689952,-0.0007468547066274522,0.5851503534936802,0.7649512098779117,0.3788412244538124,RTX Corporation,Industrials
LVS,1.2094178275932725,-0.0007974420344079814,0.4630980447533758,0.6805130746380822,0.4255477823954647,Las Vegas Sands,Consumer Discretionary
BBY,1.2079952596383143,5.505813752238782e-05,0.48339435572716083,0.6952656727662894,0.41602830724703954,Best Buy,Consumer Discretionary
PHM,1.2077657549907506,-0.00020300074212378829,0.4004957669437873,0.632847348847878,0.45697473075722395,PulteGroup,Consumer Discretionary
INTU,1.206500483727705,0.0005445874138580947,0.670992595563939,0.8191413770308142,0.35267694956342543,Intuit,Information Technology
IQV,1.2050764765558732,0.00025065444088945304,0.6360181432797101,0.7975074565668403,0.36181643976567096,IQVIA,Health Care
LEN,1.2050050740057752,-0.0002982913352169664,0.37609278562512927,0.613264042338314,0.47048936773278616,Lennar,Consumer Discretionary
ROK,1.2037712487292023,-0.00013967561407092233,0.5863897041137467,0.7657608661414779,0.3764083399535392,Rockwell Automation,Industrials
SCHW,1.2032833359429644,-0.0010494983870368325,0.5365423557846271,0.7324905158325444,0.39334563547733414,Charles Schwab Corporation,Financials
ULTA,1.2026059424512716,-0.0006213500233953909,0.31588970988206444,0.5620406656835997,0.5123468203150666,Ulta Beauty,Consumer Discretionary
AME,1.2017379113677293,-1.651580545686455e-05,0.7497741450574268,0.8658949965541012,0.33231731574488577,Ametek,Industrials
ACGL,1.2009594507714543,-0.0003624340997997445,0.5917823778340039,0.7692739289966891,0.373814177876633,Arch Capital Group,Financials
MSCI,1.2004275328621279,0.0013215862119090242,0.5805217538686517,0.7619197817806357,0.37725511574492976,MSCI Inc.,Financials
DE,1.2002111218702467,-0.00017966393195258676,0.6043939631701593,0.7774277864664726,0.36966303702894776,Deere & Company,Industrials
ALB,1.2001684668892203,-0.000978856638284391,0.40091567994905397,0.6331790267760408,0.4538623215214179,Albemarle Corporation,Materials
EXPE,1.1993673959800266,-0.0009113224675295537,0.32815912622153,0.5728517489032656,0.501323928886463,Expedia Group,Consumer Discretionary
CRL,1.1992573359112921,0.0004695637321804448,0.5870495670339291,0.7661915994279296,0.3747860667607204,Charles River Laboratories,Health Care
FDX,1.197809570839597,-0.0010582315889312748,0.5049434425185906,0.7105937253583026,0.4036220184100236,FedEx,Industrials
MSFT,1.1943056945782184,0.0009770095799979184,0.7724991648811047,0.8789193164796779,0.3253680713734258,Microsoft,Information Technology
CTAS,1.1942182184937147,0.0005146797664542775,0.6110022206741426,0.7816663103103159,0.3658227728180603,Cintas,Industrials
CSX,1.192761163527131,1.5519993167194507e-05,0.6697568435780847,0.8183867322837565,0.3489822587794999,CSX Corporation,Industrials
CDW,1.1926018929510842,0.0004497270848315612,0.5960734389133242,0.7720579245842404,0.3698742082909107,CDW Corporation,Information Technology
MTB,1.1921794672592965,-0.0011775230524945404,0.5529331365189579,0.7435947394373891,0.3838961602733867,M&T Bank,Financials
NOW,1.1911542504449089,0.0013969144002850577,0.4532458214941619,0.6732353388631365,0.42365227173569375,ServiceNow,Information Technology
PCG,1.1883022620831092,-0.0028864042537745643,0.06599079809846409,0.2568867417724474,1.1076273544233823,PG&E Corporation,Utilities
CAT,1.1817294221026122,-0.0005205277995816198,0.5948702906010024,0.7712783483289305,0.36687265947043307,Caterpillar Inc.,Industrials
DOV,1.179397042964438,2.3786228410735562e-05,0.678312524261526,0.823597307099487,0.34288900225544544,Dover Corporation,Industrials
GDDY,1.1788706753921079,0.00011886542091520618,0.4649168674355131,0.6818481263709051,0.4139872372118938,GoDaddy,Information Technology
ARES,1.1782271436946452,0.000875022074978951,0.48540957821020136,0.6967134118202414,0.40493311289057526,Ares Management,Financials
ANET,1.1775291425093406,-0.0004991344134305939,0.32994920216948476,0.5744120491158631,0.49085877838906655,Arista Networks,Information Technology
TXN,1.176294249999644,5.964079485071364e-05,0.6182746166951942,0.7863044046011662,0.3582067001282104,Texas Instruments,Information Technology
NUE,1.175745982725823,-0.0010452700177303713,0.5993410841465063,0.7741712240496325,0.3636511105803829,Nucor,Materials
VICI,1.1748837533503396,-9.67303594185611e-05,0.41747690977481355,0.6461245311662559,0.4353986794415351,Vici Properties,Real Estate
IP,1.1743510725255344,-0.000998801266443408,0.5535062333840725,0.7439799952848685,0.3779593817891056,International Paper,Materials
SYY,1.174003584426049,-0.0004831124258649822,0.421464430453645,0.6492029193200268,0.4330094734892909,Sysco,Consumer Staples
NTAP,1.1722686739343249,-0.0006342541206230799,0.425505727444896,0.6523080004452623,0.4303114416771421,NetApp,Information Technology
AAPL,1.1709569392149661,0.0008972729277299115,0.6811724238272456,0.825331705332617,0.3397197805793254,Apple Inc.,Information Technology
HIG,1.1701165728706369,-0.0007567217990620313,0.4620364751929803,0.6797326497917994,0.41219188628317166,Hartford (The),Financials
RL,1.1654310395324734,-0.000890866210435396,0.4041470100448594,0.6357255776236,0.43896039185697067,Ralph Lauren Corporation,Consumer Discretionary
V,1.164527573869292,0.0004442028764177962,0.7838166343739348,0.8853341936093597,0.31495679147596733,Visa Inc.,Financials
TRMB,1.1616578252569605,-0.00030741637410942803,0.4676456058100654,0.683846185783079,0.4067506284459131,Trimble Inc.,Information Technology
WELL,1.16119612362189,-0.00057278148653977,0.3482896116237717,0.5901606659408702,0.4711332507352619,Welltower,Real Estate
QCOM,1.1609388038590573,0.00027114370295851323,0.4600120599715577,0.678241888983243,0.40985775607079394,Qualcomm,Information Technology
GNRC,1.1603936559234334,0.0012016762227592549,0.5354436595992063,0.7317401585256929,0.37971424925315933,Generac,Industrials
ADP,1.1589467497829233,4.7697874340168925e-05,0.7607950748705508,0.8722356762197657,0.3181545033535286,Automatic Data Processing,Industrials
PAYX,1.1584604784407087,-0.00014973985009723818,0.688421714767024,0.8297118263391354,0.3343200176407998,Paychex,Industrials
CI,1.1563258001019656,-0.0005973354659211418,0.5029679393272236,0.7092023260870084,0.3904078159936914,Cigna,Health Care
AXON,1.1550900924843392,0.0015114022729973689,0.22713604209228844,0.47658791643545545,0.5803383507217051,Axon Enterprise,Industrials
WMB,1.1532236964951723,-0.0008773698918508329,0.4191249159466581,0.6473985757990652,0.42653066254530325,Williams Companies,Energy
CRM,1.1509881404966902,0.0005084777229367903,0.5691461719762776,0.7544177701885592,0.3653148936362229,Salesforce,Information Technology
ELV,1.1497356201945526,-0.0001050788791387241,0.4984583335441052,0.7060158167804068,0.38993479942694753,Elevance Health,Health Care
HUBB,1.1493438391299966,-0.0003302501510493861,0.6235559691720063,0.7896556016213692,0.34851437101244453,Hubbell Incorporated,Industrials
AFL,1.1484729266259686,-0.0006238668442072997,0.5434403014713778,0.7371840350084756,0.37303817680672974,Aflac,Financials
SPGI,1.148305481207258,0.0007980098323104654,0.6740278585262618,0.8209919966274102,0.3349091042368759,S&P Global,Financials
WAB,1.1474992645008137,-0.0008703774335031096,0.4164755901116697,0.6453492001325094,0.4257611977750121,Wabtec,Industrials
HCA,1.1464278397541408,-9.97489964329672e-05,0.43329096940039336,0.6582484101009234,0.4170281239506664,HCA Healthcare,Health Care
KIM,1.144629213925919,-0.000854350659294537,0.3671844405344221,0.6059574576935427,0.452304731086826,Kimco Realty,Real Estate
PNR,1.1433265661139345,-0.0005268596774642533,0.5771634696043428,0.7597127546674088,0.3603539743800976,Pentair,Industrials
TEL,1.1422452075387064,-0.000495799851499547,0.6154862226697895,0.7845293000709334,0.3486250711261829,TE Connectivity,Information Technology
IR,1.1413055766646725,-0.0004424633753908101,0.40153083752610486,0.6336646096525391,0.4312716657658758,Ingersoll Rand,Industrials
CINF,1.1401622740730455,-0.00022470209032929506,0.5357933237243119,0.7319790459598633,0.37297219569148465,Cincinnati Financial,Financials
CDNS,1.1395604135784412,0.0009533357400619107,0.5811388286134636,0.7623246215448266,0.3579363841717171,Cadence Design Systems,Information Technology
CNC,1.1311426610987316,-2.13821434906237e-06,0.4358905120348022,0.660220048192118,0.4102391592383229,Centene Corporation,Health Care
LH,1.12826902183015,-0.00012558702802294803,0.5381799114068561,0.7336074641161012,0.36826238542796425,Labcorp,Health Care
CTSH,1.128183321014653,-0.0005798105922496009,0.5841840553552866,0.7643193412149706,0.3534380191347442,Cognizant,Information Technology
CPAY,1.1266361594300411,5.2310041955705205e-05,0.55403966883889,0.7443384101595794,0.3624279600286989,Corpay,Financials
SYK,1.12597406840151,-4.107736536878578e-05,0.6107629058602524,0.7815132154098565,0.34498522979425256,Stryker Corporation,Health Care
XYL,1.1242440868464094,-0.0002152784423953694,0.6033124338937479,0.7767318931869274,0.3465755437491293,Xylem Inc.,Industrials
DHI,1.1199626322984075,-6.6243163392087304e-06,0.3971548543137101,0.6302022328695052,0.42553181353972935,D. R. Horton,Consumer Discretionary
HD,1.1173728545782782,0.00020814570348747782,0.6903351609915721,0.8308641050084978,0.32201533837274926,Home Depot (The),Consumer Discretionary
ROST,1.1150187414407433,-0.00026053914279485933,0.48080692455022855,0.6934024261208125,0.3850394688240566,Ross Stores,Consumer Discretionary
FISV,1.1149537537989112,0.0003128905618165922,0.6494348984163305,0.8058752375004029,0.33128172743152884,Fiserv,Financials
BEN,1.1149101664514078,-0.001247116428507485,0.510641105634746,0.7145915656056586,0.3735858590923291,Franklin Resources,Financials
DECK,1.1112663482609515,0.0010436816429390595,0.3539515868749392,0.5949383050997297,0.4472544501712576,Deckers Brands,Consumer Discretionary
WDAY,1.1101936975269822,0.0004964172161320464,0.3926910904253881,0.6266506925116959,0.4242107529407083,"Workday, Inc.",Information Technology
HST,1.1041384711505717,-0.0011506169330982984,0.4563468740289377,0.6755345098726918,0.39136721463569313,Host Hotels & Resorts,Real Estate
UNH,1.1036697866400955,0.00017833914635827008,0.5528812969261159,0.743559881197282,0.35541163711249296,UnitedHealth Group,Health Care
BSX,1.1036690536330664,0.00023263828983961202,0.5895675841192332,0.7678330444303848,0.3441759391165549,Boston Scientific,Health Care
KMI,1.1033028400381164,-0.000567303378738559,0.48394209777718744,0.6956594696956172,0.37975759995690983,Kinder Morgan,Energy
F,1.1027730428423261,-0.0011299092539770951,0.43251169790401645,0.6576562155898906,0.4015093391820354,Ford Motor Company,Consumer Discretionary
CRH,1.10203058688912,-0.00020245849419804336,0.5363047187290835,0.7323282861729999,0.36032656262966073,CRH plc,Materials
LULU,1.1006214168991852,0.0017678054160454406,0.3859061804556879,0.6212134741420923,0.4242340584404615,Lululemon Athletica,Consumer Discretionary
CSCO,1.0987365522829173,2.6798872329159614e-05,0.6465891061846718,0.804107645893678,0.3271808077656705,Cisco,Information Technology
ITW,1.0982525900921327,-0.00013637277604219242,0.6452216337383705,0.8032568914975897,0.32738306867865186,Illinois Tool Works,Industrials
DELL,1.096471005405283,4.701127049857993e-05,0.3560414819424751,0.5966921165412487,0.4400026489925875,Dell Technologies,Information Technology
SMCI,1.0963747665047519,4.862165313294822e-05,0.1688802628411834,0.41095043842437207,0.6388192913302578,Supermicro,Information Technology
PWR,1.0945720950903988,-0.00032548797401705436,0.5489223997675293,0.7408929745702342,0.353750721811156,Quanta Services,Industrials
FIS,1.0924408887220223,0.00028926718531444847,0.702143039471486,0.8379397588559014,0.31217174257733477,Fidelity National Information Services,Financials
TDY,1.0904774511672317,0.0005053769898845796,0.5128710609447467,0.7161501664767991,0.36460366655992704,Teledyne Technologies,Information Technology
CNP,1.0897755842763606,-0.0007682958403600412,0.4558210783908774,0.6751452276294904,0.3864989431556515,CenterPoint Energy,Utilities
KEYS,1.0880702598421872,0.0009292341857723476,0.4745551061334008,0.6888796020593156,0.3782004609517434,Keysight Technologies,Information Technology
EME,1.0876860760711833,-0.0007594705216832164,0.4871904541789469,0.6979902966223435,0.3731321092163131,Emcor,Industrials
STX,1.0871816052062337,6.162243625796172e-07,0.4477827953547032,0.6691657458019674,0.3890243926208502,Seagate Technology,Information Technology
SNA,1.0843491905174552,-0.0006574804082194193,0.5334818926555855,0.7303984478732041,0.35548211648036926,Snap-on,Industrials
AES,1.0843236576315787,0.00032135298467195764,0.4086154533166002,0.6392303601336536,0.40617199769776274,AES Corporation,Utilities
UNP,1.0830920490904894,0.00015132284530868488,0.6223376460259933,0.788883797543081,0.32874622200941145,Union Pacific Corporation,Industrials
BK,1.0823032266480401,-0.0009164585119972098,0.573222871899025,0.757114834023892,0.3422911236858626,BNY Mellon,Financials
MAR,1.0805403511859626,-0.0009320107542002719,0.35569224677319966,0.5963994020563729,0.4338226565928658,Marriott International,Consumer Discretionary
XOM,1.0801019068262905,-0.001243859698081221,0.5971796099808013,0.772773970822518,0.3346730076336802,ExxonMobil,Energy
BKNG,1.0792113677195796,-0.00043126736582927816,0.5285327047366452,0.7270025479574642,0.3554504084154104,Booking Holdings,Consumer Discretionary
LUV,1.0752106676434638,-0.0013778464424258961,0.37342208922128795,0.6110827188043266,0.4213102271698261,Southwest Airlines,Industrials
HON,1.0749506483536386,-0.00022015012249283406,0.7061246514726791,0.8403122345132664,0.30630654631247306,Honeywell,Industrials
FTNT,1.0745113464998282,0.0012895329597561542,0.35924982675543293,0.5993745296185293,0.42926073162198386,Fortinet,Information Technology
ACN,1.072804268006668,0.0002577495262130655,0.7403495460544234,0.8604356722349581,0.2985454967398893,Accenture,Information Technology
FTV,1.072343472161327,-0.0003735289785959862,0.5813225626365203,0.7624451210654576,0.3367702830633187,Fortive,Industrials
APH,1.0703077696590346,-0.00010678215880687236,0.705401961884279,0.8398821118968297,0.3051397497728926,Amphenol,Information Technology
HAS,1.0689560453502538,-0.0005436438456915225,0.37762199353145476,0.614509555280839,0.4165236319743508,Hasbro,Consumer Discretionary
PTC,1.0662131562044828,5.4985577537815494e-05,0.4155152432652246,0.6446047186184914,0.3960581878326856,PTC Inc.,Information Technology
TJX,1.0636954926145197,0.00018198069798426093,0.5443439689142748,0.7377966989044306,0.34521451701112155,TJX Companies,Consumer Discretionary
BXP,1.0622089152535437,-0.0007672351882085462,0.5157067106562946,0.7181272245614247,0.35417425584759477,"BXP, Inc.",Real Estate
META,1.061024387371105,7.308231043079167e-05,0.44001642790289375,0.6633373409532244,0.3830005167168233,Meta Platforms,Communication Services
GOOGL,1.0606388282856887,0.00016357103135757468,0.6625246885635021,0.8139561957276955,0.31201460829663397,Alphabet Inc. (Class A),Communication Services
SNPS,1.0562124937255453,0.0009145446765136768,0.6409469431607424,0.800591620716044,0.31589932601103976,Synopsys,Information Technology
IBKR,1.0558883819142144,-0.0005784940863153067,0.4393116542044452,0.662805894817212,0.3814521686395664,Interactive Brokers,Financials
GOOG,1.0550921246220177,0.00017622325023208482,0.6565599197605767,0.8102838513512266,0.3117896087227151,Alphabet Inc. (Class C),Communication Services
NVR,1.054209909868176,-0.0004606804693182286,0.3340789304323505,0.57799561454422,0.43672795330363773,"NVR, Inc.",Consumer Discretionary
GPC,1.0528927173303526,-0.0004012616556580043,0.5339353653138061,0.7307088102067787,0.34502313525313627,Genuine Parts Company,Consumer Discretionary
REG,1.0520711773713234,-0.001021343626811405,0.41198817847951985,0.6418630527453028,0.3924742649290382,Regency Centers,Real Estate
NKE,1.0483264733965334,0.00032042558314724273,0.5910427525731636,0.7687930492487326,0.32650929129489825,"Nike, Inc.",Consumer Discretionary
HUM,1.0467717538376524,0.00039855013291108997,0.452056059605924,0.6723511430836749,0.3727900281429923,Humana,Health Care
SBUX,1.042248990947111,0.00010440474800059798,0.5805902766782818,0.761964747661125,0.32752544354384633,Starbucks,Consumer Discretionary
AVY,1.04199415642892,-0.00022081291470103223,0.5323444144244159,0.7296193626983976,0.3419616247489279,Avery Dennison,Materials
ALLE,1.0416197880526967,0.00012470241880449274,0.6164265306534089,0.7851283529802044,0.31767058288451844,Allegion,Industrials
O,1.0409885582359373,-0.00014819792434608083,0.3932815005128688,0.6271215994628704,0.3974684271636843,Realty Income,Real Estate
MLM,1.0376312102641296,-0.0003435715874006458,0.41020771930378186,0.6404746047297907,0.3879265919726045,Martin Marietta Materials,Materials
ECL,1.03686665661323,0.00037137082579932545,0.6220337559440466,0.7886911663915395,0.31479249618169974,Ecolab,Materials
IBM,1.0361962370740632,-0.0005171821854713983,0.6445238672427276,0.8028224381784105,0.3090515655686126,IBM,Information Technology
DOC,1.0348215869098318,-9.325397943092597e-05,0.394682748132154,0.6282378117656989,0.3944117524009947,Healthpeak Properties,Real Estate
WRB,1.0335704809753206,0.00020118780651438677,0.6102921185770154,0.781211954962938,0.31679597552365035,W. R. Berkley Corporation,Financials
FDS,1.0330414302702224,0.0006338858471158372,0.5762976058922856,0.7591426782181898,0.32583877989828863,FactSet,Financials
TRV,1.0325281318142892,-0.00043502324076501284,0.5515355155500179,0.7426543715282488,0.33290750854551737,Travelers Companies (The),Financials
NWS,1.0311505252639281,-0.0007341179327733695,0.4690522734403263,0.6848739106144474,0.3605121317712256,News Corp (Class B),Communication Services
GWW,1.0282986250517396,0.00023548319228795155,0.43970437153054,0.663102082284877,0.371319111565064,W. W. Grainger,Industrials
J,1.02571212430716,1.6953980122181927e-05,0.5407719029324426,0.7353719486983729,0.3339849283512272,Jacobs Solutions,Industrials
FRT,1.0235978797577998,-0.0010642774071020651,0.42589401189928566,0.6526055561357763,0.3755666756108192,Federal Realty Investment Trust,Real Estate
DIS,1.0226537718512565,-0.00022764597489962992,0.5725151173629918,0.7566472872897857,0.32362613335264595,Walt Disney Company (The),Communication Services
AIZ,1.0204736739541556,-0.00019963621646797614,0.5195002569467313,0.720763662337892,0.33901378762443785,Assurant,Financials
FSLR,1.0202612685851944,-0.0005884398584665543,0.29833935862738914,0.5462045025696778,0.4472646385851031,First Solar,Information Technology
CPRT,1.0187825701410924,0.0007224957965575203,0.49772958509661147,0.7054995287713602,0.3457747034038394,Copart,Industrials
APD,1.017767760435308,0.0006322139037460973,0.6511472335727142,0.8069369452272677,0.302007361482084,Air Products,Materials
NWSA,1.0162347897003705,-0.0006898981469352302,0.45909196246254724,0.677563253477155,0.3591308000107143,News Corp (Class A),Communication Services
IT,1.0153826307223155,-0.00038396590496889165,0.45192554046582434,0.6722540743393268,0.36166353779070465,Gartner,Information Technology
MAS,1.0142480059239816,-2.1099391979033442e-06,0.5222670982770948,0.7226804952931102,0.33605183272356554,Masco,Industrials
EW,1.0116035491314852,0.000718504414803104,0.4729591347690696,0.6877202445537497,0.352214292062121,Edwards Lifesciences,Health Care
ALL,1.0104155212749117,-0.0004475954964566161,0.617629951000421,0.7858943637667984,0.3078536265814658,Allstate,Financials
PLD,1.010197740403921,0.00037371873040753344,0.5508591297915442,0.7421988478780767,0.3259076510644821,Prologis,Real Estate
VRSN,1.0083358175607062,0.0005815539325389181,0.5673897372259067,0.7532527711372238,0.3205331085840082,Verisign,Information Technology
ROP,1.0023215948176998,0.0003737176470482765,0.6387044284616965,0.7991898575818496,0.3003070742183401,Roper Technologies,Information Technology
LDOS,1.001848694584677,0.00021330380161846857,0.5556076497346918,0.7453909375184887,0.32182995728718106,Leidos,Industrials
CMI,0.998560330802898,-0.00018425275170794183,0.5389642774263899,0.7341418646463297,0.3256887503599355,Cummins,Industrials
MOH,0.997975931513225,0.0010034401447124727,0.2872251300017822,0.535933885849535,0.44587927810851463,Molina Healthcare,Health Care
TT,0.9957225743979662,0.00034383993981016575,0.5476440273440286,0.7400297476075061,0.3221792860354131,Trane Technologies,Industrials
CB,0.9953650640531727,-0.000339038024408834,0.5506532954574077,0.7420601697014924,0.32118237963763896,Chubb Limited,Financials
SHW,0.9939043719427413,0.00028935144015202467,0.5437548936365149,0.7373973783764863,0.3227390014501108,Sherwin-Williams,Materials
RMD,0.9904071323717293,0.0010180932332241712,0.39553686821365186,0.6289172188878693,0.3770758452405283,ResMed,Health Care
A,0.984864626458267,0.00020621556505761218,0.5724523362470051,0.7566057997709276,0.3116845766882466,Agilent Technologies,Health Care
PKG,0.9835241655366397,-0.0004922285482225294,0.4706517640824919,0.6860406431710092,0.3432761486212091,Packaging Corporation of America,Materials
NRG,0.9816534846968886,-7.110366343373502e-05,0.450391783221186,0.6711123476894059,0.35024457927305547,NRG Energy,Utilities
MTD,0.9810035646837275,0.00016154072797652818,0.5437945493502698,0.7374242668574651,0.3185382572360798,Mettler Toledo,Health Care
EL,0.9788176952046548,0.0003757206118638899,0.5008976563913503,0.7077412354747676,0.33115838152355936,Estée Lauder Companies (The),Consumer Staples
ORCL,0.9773736729180557,-2.030468080818789e-05,0.5627385366184721,0.750159007556713,0.31197209349007543,Oracle Corporation,Information Technology
LIN,0.9769650753070246,0.00041806428243818303,0.6247010591428411,0.7903803256299092,0.29597249728575825,Linde plc,Materials
ZTS,0.9768816635243233,0.0007750934398366139,0.6060807083815216,0.778511855003841,0.3004589649108438,Zoetis,Health Care
ODFL,0.9762427959039321,0.0008141062599287524,0.45790606804198764,0.6766875704798987,0.3454443405290785,Old Dominion,Industrials
ZBH,0.9761443530359064,-0.0001818070983418072,0.4577610157423647,0.6765803837995636,0.3454642276484213,Zimmer Biomet,Health Care
BRK-B,0.9749544553013951,-0.0003994633719562786,0.7700314677136479,0.8775143689499609,0.26603484931912696,Berkshire Hathaway,Financials
FAST,0.9732239662117573,0.000516703761669413,0.4892901462593152,0.6994927778464305,0.333148605382621,Fastenal,Industrials
HOLX,0.9688210054544543,0.00022921408736427499,0.5157741194747116,0.718174156785603,0.32301464458332096,Hologic,Health Care
PPG,0.967086974063842,-0.0003594133350057174,0.5228976114488828,0.7231165960264516,0.3202326755875955,PPG Industries,Materials
NDAQ,0.96566127348538,0.0005359844849287121,0.5967161184374555,0.7724740244418942,0.29932939622577015,"Nasdaq, Inc.",Financials
GD,0.9656411488856331,-0.0007122633602161296,0.5870984451923298,0.7662234955888068,0.3017649105033362,General Dynamics,Industrials
JCI,0.9642360926956807,-0.00025435784939125956,0.5274713452985234,0.7262722253387657,0.31790136091065735,Johnson Controls,Industrials
NFLX,0.963158412158717,0.0010603566422505953,0.2893419740254528,0.537905171963844,0.4287463553924285,Netflix,Communication Services
EXC,0.9581840775202768,-0.00021913997341929464,0.509202339816109,0.7135841504798923,0.32152310978490156,Exelon,Utilities
IEX,0.9554167754378718,0.0001086316446417067,0.6278357842248605,0.7923608926649908,0.28872093077497724,IDEX Corporation,Industrials
CAH,0.9552656962869043,-0.0004626115507700452,0.3592859120218197,0.599404631298274,0.38160365657349526,Cardinal Health,Health Care
INVH,0.9542055338945761,1.5151251003161592e-05,0.46993299820831647,0.6855165922195586,0.33329776335254413,Invitation Homes,Real Estate
IDXX,0.9531542199172841,0.0009062948100193959,0.48268275114718007,0.6947537341728935,0.3285040472342613,Idexx Laboratories,Health Care
MMM,0.9524791703240557,-0.0008244547609271176,0.551838108073741,0.7428580672468602,0.3070139308170422,3M,Industrials
VMC,0.950533407253099,-0.0003835137036498991,0.340916659702864,0.5838806896129242,0.38980886543161114,Vulcan Materials Company,Materials
MTCH,0.9491224615105518,0.0013691636583569493,0.18182622485602562,0.42641086390478555,0.5329695897206388,Match Group,Communication Services
EG,0.9452888644572508,-0.0002076614875055273,0.4521884209351348,0.6724495675774761,0.3365993418965659,Everest Group,Financials
VTRS,0.9440488453797672,-0.0018101698481056685,0.25310655083036226,0.5030969596711575,0.4493153046718665,Viatris,Health Care
WBD,0.9434342203092098,-0.0004549576493820631,0.30574836089550883,0.5529451698817061,0.4085432086491108,Warner Bros. Discovery,Communication Services
VRTX,0.9416292186203766,0.0006903985700391065,0.4097911507443718,0.6401493191001392,0.35221437545909423,Vertex Pharmaceuticals,Health Care
MSI,0.9413433227598567,0.00038546038046887707,0.4787845315523066,0.6919425782189637,0.3257515044860389,Motorola Solutions,Information Technology
HLT,0.9410699163136143,-0.0003063405676039659,0.41308261619461173,0.6427150349840994,0.350599966390814,Hilton Worldwide,Consumer Discretionary
MDT,0.9407385387760637,2.8475880209751522e-05,0.6200211323116616,0.787414206318163,0.2860711943919535,Medtronic,Health Care
HII,0.9401742586298547,-0.0006357867987607154,0.42380459764284717,0.6510027631606851,0.3458071460410288,Huntington Ingalls Industries,Industrials
LW,0.9400599982283688,-5.208766731576919e-06,0.34666055566521914,0.5887788682223739,0.38230660183712106,Lamb Weston,Consumer Staples
VST,0.9380073033312173,-0.00017996806294061935,0.38300577809523606,0.6188746061160013,0.36292091415041877,Vistra Corp.,Utilities
ADM,0.937350310163836,-0.00016418810744425256,0.6104819787614768,0.781333461949171,0.28725919729754473,Archer Daniels Midland,Consumer Staples
TKO,0.9370339494205185,0.0002975236133787783,0.21867924554891105,0.4676315275394841,0.47979971072201016,TKO Group Holdings,Communication Services
CSGP,0.9364851971267254,0.0010230147175880329,0.44891932754168096,0.6700144233833184,0.33467648906102776,CoStar Group,Real Estate
ABT,0.935522325139283,0.0005596545329991081,0.5968112571580598,0.7725356025181365,0.2899640065899491,Abbott Laboratories,Health Care
WAT,0.9351861733429658,-0.00010166872844699762,0.4793142244927573,0.6923252302875849,0.3234419581754166,Waters Corporation,Health Care
PCAR,0.9340080125554869,-3.273864297406953e-05,0.582986817461064,0.7635357342397694,0.29290694817219004,Paccar,Industrials
OMC,0.9325116847402147,-0.0006138951707151234,0.47987492361923856,0.6927300510438672,0.322328489988993,Omnicom Group,Communication Services
COR,0.9320443759918956,3.836380127746948e-05,0.40024230036688135,0.6326470582930748,0.352763413608267,Cencora,Health Care
ORLY,0.9297457182119674,0.0005284284777127929,0.441976927001942,0.6648134527835176,0.3348673668816464,O’Reilly Automotive,Consumer Discretionary
MCK,0.9291012339657974,-0.00032890289729533586,0.3951927528536977,0.6286435817326839,0.3538889402323893,McKesson Corporation,Health Care
AJG,0.9287172963174195,0.0005483550573148938,0.594496828604866,0.7710362044708838,0.2884145739449425,Arthur J. Gallagher & Co.,Financials
ARE,0.9255356955536278,0.00017297688275683273,0.5448991755770058,0.73817286293727,0.3002227072589923,Alexandria Real Estate Equities,Real Estate
VRSK,0.9247349520444708,0.0006593890882577009,0.6533975914216845,0.808330125271652,0.27392832854638327,Verisk Analytics,Industrials
COO,0.9239503393180172,0.00010695192028317577,0.5092557692341655,0.7136215868611079,0.31001955581900753,Cooper Companies (The),Health Care
JBHT,0.9208513504765556,-3.442090560329712e-05,0.4728027524464785,0.687606538978854,0.3206697332601536,J.B. Hunt,Industrials
CME,0.9172029000377103,-1.0881884832586995e-05,0.4326135131147073,0.6577336186593379,0.33390568861402076,CME Group,Financials
AVB,0.9136892768347041,-0.0004139156532708798,0.45522533423350775,0.6747038863334844,0.3242602816153943,AvalonBay Communities,Real Estate
CPT,0.9128090568547741,-0.0002071173553832078,0.4802213898325517,0.6929800789579393,0.31540431429281685,Camden Property Trust,Real Estate
MNST,0.9122367061414315,-6.128720243720847e-05,0.45184495737354,0.6721941366700098,0.3249535325410328,Monster Beverage,Consumer Staples
STZ,0.9094891312244044,-0.0006209382296505173,0.39152547740676824,0.6257199672431499,0.3480374185728946,Constellation Brands,Consumer Staples
PANW,0.9077596930364881,0.000426086538532314,0.371666379481458,0.6096444697374512,0.3565354318278646,Palo Alto Networks,Information Technology
MAA,0.9075205684148454,2.6642714213024937e-05,0.46940461826735613,0.6851310956797659,0.31716936817343383,Mid-America Apartment Communities,Real Estate
CMCSA,0.9059372498639584,-0.00019594880301890624,0.5120230943729123,0.7155578903016248,0.3031529379168571,Comcast,Communication Services
STE,0.9038086223982809,0.0006496156174283522,0.5903542661708177,0.768345147814976,0.28166219956871724,Steris,Health Care
RVTY,0.9009208538279441,0.0003006324761393967,0.5205391691987088,0.7214840048114085,0.2989980608468377,Revvity,Health Care
EQT,0.9000253828487151,-0.0017624988550400086,0.11699817233440823,0.3420499559047014,0.6300480303687845,EQT Corporation,Energy
IRM,0.8984130869397087,-0.0005274360525181617,0.41061685679155335,0.6407939269309232,0.33571142515581553,Iron Mountain,Real Estate
DTE,0.8975068372198259,-0.00014333911269019756,0.46207713316017063,0.6797625564564223,0.31614692822288637,DTE Energy,Utilities
UDR,0.8939552245816582,-0.0002413508780830431,0.45121942713383434,0.671728685656519,0.3186620247216794,"UDR, Inc.",Real Estate
GRMN,0.8925122671962534,0.0006147428267133403,0.532561944276615,0.7297684182510331,0.2928448349334484,Garmin,Consumer Discretionary
BG,0.891347043861629,-0.0008918422474470968,0.3499032166769648,0.5915261758172374,0.3608122718712124,Bunge Global,Consumer Staples
ESS,0.8894262427537954,-0.0003126645711899655,0.4320037603525344,0.657269929597068,0.3240220870187329,Essex Property Trust,Real Estate
BRO,0.8888707536886634,0.0005630861063819182,0.6291566380661932,0.7931939473207,0.26832903244629647,Brown & Brown,Financials
AMZN,0.8878495700058103,0.0011120658696063788,0.42302693352064524,0.6504052071752233,0.32686153685924046,Amazon,Consumer Discretionary
LMT,0.8839268887203177,1.1932725215872794e-05,0.4849128699492099,0.6963568553186005,0.30394354818868513,Lockheed Martin,Industrials
FE,0.8752852110290179,0.0003253580034235508,0.4705078177424943,0.6859357242063533,0.30554459666586725,FirstEnergy,Utilities
EFX,0.8745862129182564,0.000258028184352154,0.4529581042515324,0.6730216224249652,0.3111587719968023,Equifax,Industrials
FFIV,0.8737563211055742,-0.0001240583329333998,0.4256090245791715,0.6523871738309787,0.32069586173388664,"F5, Inc.",Information Technology
CVS,0.8726012878767258,-0.0003745948042985154,0.40832267706366143,0.6390013122550386,0.3269810159370482,CVS Health,Health Care
DXCM,0.8711897116390502,0.0028046099137810903,0.16188967776921348,0.4023551637163535,0.518455633555136,Dexcom,Health Care
EVRG,0.8695345013624208,8.566284661419273e-05,0.4267666510930136,0.6532737948923205,0.31871317767292096,Evergy,Utilities
EIX,0.8691275628945303,-0.0003373503296056429,0.3101206352591259,0.5568847594064019,0.3737030392117171,Edison International,Utilities
IFF,0.8682185489299321,-0.00047759726248271077,0.37767190438316056,0.6145501642528143,0.3382829897188965,International Flavors & Fragrances,Materials
LHX,0.8674152988743052,3.4645418156999564e-05,0.3965330212440481,0.6297086796638964,0.3298343157919288,L3Harris,Industrials
DVA,0.8672765182286637,-5.8894323766740505e-05,0.3354108803335053,0.5791466829167767,0.35857289197198455,DaVita,Health Care
MRSH,0.8667877958069443,0.0003067537875639867,0.6185577404862228,0.7864844184637245,0.2638949650345036,Marsh McLennan,Financials
PPL,0.8662735771921307,-0.0003494029933902917,0.413488184741693,0.6430304695282273,0.32257592774822175,PPL Corporation,Utilities
SRE,0.8656286677143488,8.099248328077092e-05,0.39920612191606797,0.6318276045853554,0.32805108145982287,Sempra,Utilities
WTW,0.864794416476809,0.00029762170920745635,0.5058142928330536,0.7112062238430245,0.2911560156875375,Willis Towers Watson,Financials
HSIC,0.8625493467615548,-2.8874050368611593e-05,0.40121019024040616,0.633411548868827,0.3260666731077151,Henry Schein,Health Care
MCD,0.8590066262478964,-5.2575191046546276e-05,0.503817104594571,0.7098007499253371,0.28978006087966235,McDonald's,Consumer Discretionary
EQR,0.8589981426403195,-0.0003468017094633024,0.4450204365912517,0.6670985209032109,0.3083263816526255,Equity Residential,Real Estate
KHC,0.857906792763012,-0.001341427482054466,0.2665138739538043,0.5162498173886403,0.39791346429745195,Kraft Heinz,Consumer Staples
BIIB,0.8567554858620792,-0.0005715385366916998,0.20852775450485572,0.4566483926445548,0.449245152749695,Biogen,Health Care
TMO,0.8561290231499007,0.0008285561220590595,0.515866397240318,0.7182383986117127,0.28541647594671654,Thermo Fisher Scientific,Health Care
CMG,0.8548101448371923,0.0018166798183950473,0.23571647929610295,0.48550641529860655,0.4215830428087985,Chipotle Mexican Grill,Consumer Discretionary
TAP,0.8536465627161157,-0.0014800419992200935,0.3263134686365259,0.57123853917302,0.3578236449680418,Molson Coors Beverage Company,Consumer Staples
TMUS,0.8534628660196553,0.0004749375886611021,0.43365195712672,0.6585225562778544,0.31032903696214476,T-Mobile US,Communication Services
POOL,0.852879805959988,0.0010050431048062025,0.39901627352978664,0.6316773492296419,0.32329647292785413,Pool Corporation,Consumer Discretionary
ABBV,0.8521566919690381,-5.652967624534058e-05,0.35455593682918674,0.5954459982476893,0.3426774426936417,AbbVie,Health Care
DHR,0.8512319281039841,0.0008533138257913399,0.6045614023680795,0.7775354669518809,0.2621417146377549,Danaher Corporation,Health Care
ETR,0.8507428619402188,0.00015579351937743916,0.42867879978866597,0.6547356716940557,0.3111291840946437,Entergy,Utilities
UPS,0.850540602668974,-0.00023324072031933446,0.45688942967233004,0.6759359656597145,0.30129916946273994,United Parcel Service,Industrials
YUM,0.8453508255414516,-6.968937696729614e-05,0.45505684046522465,0.6745790098018356,0.30006310351765214,Yum! Brands,Consumer Discretionary
ICE,0.8430876191061906,0.0002122318046291081,0.5310368399843108,0.7287227456202465,0.27702491197107154,Intercontinental Exchange,Financials
PM,0.8407965486081105,-0.0005888922389472163,0.3766101652965147,0.613685721926553,0.3280600452639132,Philip Morris International,Consumer Staples
BR,0.8398370163515166,0.00031754839480329836,0.47634726624786095,0.6901791551820886,0.2913678391925816,Broadridge Financial Solutions,Industrials
T,0.8336084319578263,-0.00033029259720781536,0.5051537843644285,0.7107417142425431,0.2808398501930258,AT&T,Communication Services
BF-B,0.8332461356036933,0.00012232581589785205,0.4286793672024737,0.6547361050090895,0.3047301721170243,Brown–Forman,Consumer Staples
AMGN,0.8322886211728301,0.0004097871716925361,0.4758801865208786,0.6898406964806282,0.2888907156923859,Amgen,Health Care
AMT,0.8318886806105832,0.0007292346876543021,0.4170723824596587,0.6458114140054035,0.30843804219669585,American Tower,Real Estate
TTWO,0.8315097239737008,0.00015472903489889518,0.2453340911943458,0.4953121149278965,0.4019729425839566,Take-Two Interactive,Communication Services
BAX,0.8311896002510931,0.00015977707802972087,0.4806269544658751,0.6932726407885105,0.287081018534469,Baxter International,Health Care
AON,0.8223415458241996,0.00043494848228412686,0.4744052003402994,0.6887707894069693,0.28588143322483944,Aon plc,Financials
PGR,0.8177977994660528,0.0005793711740098844,0.44784991014422715,0.6692158920290425,0.29260930402960117,Progressive Corporation,Financials
EXPD,0.8166868398981733,7.82187513837346e-05,0.5219766876542518,0.7224795413395814,0.2706689530647884,Expeditors International,Industrials
NOC,0.8150391766720123,-0.00022077729979013506,0.38032844668534416,0.6167077481962944,0.31645176259310986,Northrop Grumman,Industrials
PNW,0.8127141602690788,-0.0001808294969714181,0.4219083756212063,0.6495447448953814,0.29959681527724435,Pinnacle West Capital,Utilities
AZO,0.8115626076371945,0.0004180362958257088,0.3464705302313633,0.5886174736034968,0.3301393697134513,AutoZone,Consumer Discretionary
INCY,0.811425213516649,-0.0002399183255780761,0.2358479686295356,0.4856418110393041,0.4000744968494243,Incyte,Health Care
CCI,0.8108339598861202,0.000536249058575592,0.41058720830752604,0.6407707923333633,0.30299653468719157,Crown Castle,Real Estate
AOS,0.8107533333116587,-0.0005293231456787238,0.3998012672817305,0.6322984005054338,0.30702596068871163,A. O. Smith,Industrials
NI,0.8091206203366208,-0.00023457727471711616,0.38284446059546495,0.6187442610606304,0.31311979551342345,NiSource,Utilities
EQIX,0.8030967019666262,0.0005487081617701472,0.3939279929368291,0.6276368320428851,0.30638525448241205,Equinix,Real Estate
TECH,0.801997440319417,0.0009231915434125764,0.3938016146365677,0.6275361460797041,0.30601497202419814,Bio-Techne,Health Care
SO,0.7935780582408603,0.0001299430180372884,0.37476498311458994,0.61218051513797,0.310397766946287,Southern Company,Utilities
AMCR,0.7926658257796599,-0.0002382300292773021,0.30555275160224915,0.5527682621155533,0.3433645652838665,Amcor,Materials
CHTR,0.7912418866244607,0.0004712168489835718,0.37396716847546163,0.6115285508260937,0.30981395155403757,Charter Communications,Communication Services
PEP,0.7910688938194254,4.355793944917606e-05,0.5191670189434306,0.7205324551631461,0.2628870537970741,PepsiCo,Consumer Staples
DGX,0.7889319665763627,0.0001783814186143709,0.3861413243504256,0.621402707067185,0.3040008877804599,Quest Diagnostics,Health Care
RSG,0.7870468465223958,0.00021487348092843453,0.5930264367928826,0.7700820974369441,0.24472142632848026,Republic Services,Industrials
MDLZ,0.7838897529624955,0.00018738821630533766,0.5501908555293639,0.7417485123202906,0.25305023366837026,Mondelez International,Consumer Staples
BALL,0.7811278741708209,0.0006931868606258201,0.38615321620914844,0.6214122755539581,0.30098908501818394,Ball Corporation,Materials
LII,0.7797825099524738,5.136808951620585e-05,0.37705992036763314,0.6140520502104302,0.30407221905840526,Lennox International,Industrials
DLR,0.7745106324765831,0.00024413272821581207,0.34361296137692043,0.5861850913976919,0.31637419612595974,Digital Realty,Real Estate
PODD,0.7727540665138466,0.0013895765345463384,0.185489259891077,0.4306846408813263,0.42962580038584963,Insulet Corporation,Health Care
JKHY,0.7713701473543082,0.00046695911181171643,0.4841817132893754,0.6958316702259074,0.26544043178544313,Jack Henry & Associates,Financials
SBAC,0.7704642180046712,0.0007003703398522702,0.36320512212244893,0.6026650165078848,0.3061152254675863,SBA Communications,Real Estate
CTRA,0.7672696784567968,-0.0009591937235949797,0.2184555080815147,0.4673922422136625,0.39307459473648715,Coterra,Energy
TSCO,0.7651093850267336,0.0007545998167275006,0.3362110984049249,0.5798371309298197,0.31595551885565903,Tractor Supply,Consumer Discretionary
WM,0.7596901144337336,0.00017102185823075598,0.5257108671527266,0.7250592163076932,0.2508831171977113,Waste Management,Industrials
AEE,0.7564052090298268,0.0003060202024366802,0.3747424165845844,0.6121620835894562,0.2958669969795009,Ameren,Utilities
D,0.7543830451048871,-0.00012050297469405578,0.34470311725964675,0.5871142284595452,0.3076647585194723,Dominion Energy,Utilities
AKAM,0.7515787802859641,0.0005793728731739805,0.3185420109059527,0.5643952612362658,0.3188596686935056,Akamai Technologies,Information Technology
TSN,0.7502273070735673,-0.0006266572624833036,0.2556454604041116,0.5056139440364668,0.35528941129589914,Tyson Foods,Consumer Staples
LLY,0.7468942208913906,0.0008761260591717975,0.37354351310462053,0.6111820621587486,0.29261523835772657,Lilly (Eli),Health Care
DLTR,0.7449176429146704,-0.00046850824785551646,0.2018445044671875,0.44927108127186133,0.3970162060598613,Dollar Tree,Consumer Staples
ROL,0.7442246811887525,0.00045250638421289954,0.38299339920309616,0.6188646049040903,0.2879498545038534,"Rollins, Inc.",Industrials
EA,0.7435047380116047,0.00010135722406613191,0.2426564807923156,0.4926017466395298,0.36140672724306777,Electronic Arts,Communication Services
WST,0.7428199825217982,0.0011778515146658721,0.3439416346254922,0.5864653737651461,0.3032840995544619,West Pharmaceutical Services,Health Care
TGT,0.7410921257579475,0.0007726485586161271,0.2758162129791306,0.5251820760261442,0.3378864239652756,Target Corporation,Consumer Staples
DUK,0.7410472791137468,-0.00010797413797421012,0.4141989127316176,0.643582871689122,0.2757083244971614,Duke Energy,Utilities
NEE,0.7396819016240384,0.000730977878916179,0.40059884913429045,0.6329287867795959,0.2798327775692829,NextEra Energy,Utilities
EBAY,0.7319401877252478,0.00043830895045310857,0.3269459027840179,0.5717918351848144,0.3065110125001143,eBay Inc.,Consumer Discretionary
KO,0.7306140422987513,-8.706813236990162e-05,0.5097539417109049,0.7139705468091139,0.24502824980990986,Coca-Cola Company (The),Consumer Staples
PFE,0.7304060789725377,-0.00012499329887377496,0.46012772341549435,0.678327150728536,0.2578301004585055,Pfizer,Health Care
PEG,0.7290303664706638,-6.483138401846894e-06,0.4096060542625649,0.6400047298751507,0.27275384034669886,Public Service Enterprise Group,Utilities
ES,0.7211546054901152,0.0003755882829566033,0.32549373718857433,0.5705205843688503,0.3026672997919374,Eversource Energy,Utilities
AWK,0.7178533155916818,0.0005394147838143496,0.34013022055507003,0.5832068419995341,0.2947280967144723,American Water Works,Utilities
CBOE,0.7169079795749507,-0.0006489449049377732,0.28202481274304725,0.5310600839293489,0.32324230413044464,Cboe Global Markets,Financials
MO,0.7138889443261592,-0.0008275706409715807,0.3226895399457125,0.5680576906844168,0.30091695021569353,Altria,Consumer Staples
ATO,0.7100247623228931,0.00010099058370737765,0.376068475653494,0.613244221867189,0.2772352629248035,Atmos Energy,Utilities
MRK,0.7081232581136896,0.00041178747215208446,0.4563483173438063,0.67553557814804,0.25099731250329765,Merck & Co.,Health Care
TYL,0.7066248821028427,0.0008260556338998022,0.3792573370953075,0.6158387265309869,0.27474536186088605,Tyler Technologies,Information Technology
BDX,0.7043097755319364,0.0001170271201477976,0.3679086790612518,0.606554761799173,0.2780367087910533,Becton Dickinson,Health Care
JNJ,0.690443795890607,-3.0033831280297773e-05,0.4483615340837248,0.6695980391874853,0.24690085710516216,Johnson & Johnson,Health Care
REGN,0.6835762092867064,0.00057149021875124,0.21184889013706498,0.4602704532522862,0.35561681021174163,Regeneron Pharmaceuticals,Health Care
ERIE,0.6823050660782727,0.0006964680212495619,0.20876016495309457,0.4569027959567491,0.35757176605544133,Erie Indemnity,Financials
BMY,0.679207232994427,-0.00013538616520757308,0.33590605653787775,0.5795740302479726,0.28060914737531023,Bristol Myers Squibb,Health Care
XEL,0.6731300779362356,0.0003886234218425903,0.35438326493243266,0.5953009868397946,0.2707514764873791,Xcel Energy,Utilities
HSY,0.6702057301049614,0.00016305627603075556,0.3297913686807422,0.574274645688578,0.2794453796284852,Hershey Company (The),Consumer Staples
LNT,0.669166453672066,0.0001726515801930931,0.3640408174432318,0.603357951338368,0.26556299613956874,Alliant Energy,Utilities
PG,0.667031482232581,0.00039033788413801924,0.4072520275374928,0.6381630101607997,0.2502782696331162,Procter & Gamble,Consumer Staples
COST,0.6636627951917302,0.0006550074298285769,0.4468312033571282,0.6684543390218424,0.23773009527970582,Costco,Consumer Staples
MKC,0.6579102598150524,0.000819613184625802,0.29932708919191386,0.5471079319402287,0.28794005756146007,McCormick & Company,Consumer Staples
GEN,0.6456855977506586,0.00013949630757895636,0.12617477000907362,0.35521088103980364,0.4352545079194193,Gen Digital,Information Technology
CL,0.6415020560721268,-0.00012221761506818235,0.3802342361393102,0.6166313616248452,0.24910410417988768,Colgate-Palmolive,Consumer Staples
CMS,0.6372607528228073,0.000313784901204856,0.3221405288274861,0.5675742496162828,0.2688455967794219,CMS Energy,Utilities
GILD,0.6266118025520079,-1.6540654440451647e-05,0.23845305218513846,0.48831654916164624,0.30725967522241693,Gilead Sciences,Health Care
WEC,0.6188645710611731,0.00039944817199044787,0.2517452322759396,0.5017421970254641,0.2953407904406031,WEC Energy Group,Utilities
EXR,0.6184219832313661,0.00013961783697842318,0.2671890907247787,0.516903366911823,0.28647319876825067,Extra Space Storage,Real Estate
PSA,0.597557369079425,-0.00017669478890199207,0.30003764471231487,0.5477569211907003,0.26121623885956125,Public Storage,Real Estate
CHRW,0.5900930323754365,-0.00018021794361260517,0.258083185316651,0.5080188828347337,0.27813079092299375,C.H. Robinson,Industrials
AEP,0.5855510507318068,0.0002194414424744088,0.2836423494785063,0.5325808384447438,0.2632616911713153,American Electric Power,Utilities
DG,0.5782907860957667,0.0009243492035165941,0.25638980732343786,0.5063494912838737,0.2734666270199085,Dollar General,Consumer Staples
KMB,0.5618366175429953,0.00023083806188945567,0.2613404112482506,0.5112146430299613,0.2631571625127982,Kimberly-Clark,Consumer Staples
ED,0.5581115169616554,-0.00024614178669479217,0.23054238553171358,0.4801482953543769,0.2783261629843272,Consolidated Edison,Utilities
KDP,0.5522291159748857,0.0009203699659317095,0.16992040816298748,0.41221403198215756,0.3207782906396599,Keurig Dr Pepper,Consumer Staples
WMT,0.5449454621080049,0.0003413352598177178,0.27560273102328336,0.5249787910223455,0.24855340745155255,Walmart,Consumer Staples
DPZ,0.5289651261194434,0.0009988390644280502,0.13167539141278528,0.3628710396446446,0.3490464062039996,Domino's,Consumer Discretionary
VZ,0.5189669305555996,8.193489723697106e-05,0.32809240840257625,0.572793512884509,0.21694519381277486,Verizon,Communication Services
CHD,0.4887350572192573,0.0007276215892364065,0.19537829070230384,0.4420161656572119,0.26475476102956425,Church & Dwight,Consumer Staples
CAG,0.4802031553953858,-0.00010515492577101019,0.10434895968373137,0.3230308958655989,0.3559503193213962,Conagra Brands,Consumer Staples
SW,0.4651485500337147,-0.00019011337402296646,0.059760308749756685,0.24445921694580589,0.4556104687382528,Smurfit Westrock,Materials
HRL,0.450234151534058,0.0004226867029279217,0.1978053343316749,0.4447531161573519,0.24239735356043582,Hormel Foods,Consumer Staples
GIS,0.41053635366826946,0.00016249080912230147,0.13617744383346364,0.3690222809444762,0.2663835921218223,General Mills,Consumer Staples
SJM,0.3851387093791879,-0.00025117495503439527,0.1119498041121525,0.3345890077575061,0.27562203884960157,J.M. Smucker Company (The),Consumer Staples
CPB,0.3452942820994704,8.95698563168083e-05,0.07370268170500349,0.2714823782587068,0.3045483009106665,Campbell's Company (The),Consumer Staples
KR,0.3428434136555888,0.00023993076559361516,0.06382154148670027,0.2526292569887745,0.32495304069921616,Kroger,Consumer Staples
CLX,0.3303493339744947,0.0006965349313779799,0.0948159101934366,0.30792192223587556,0.2568864904966681,Clorox,Consumer Staples
NEM,0.2901094275651221,0.0007782282561234518,0.04285367563061637,0.20701129348568506,0.33556467973290793,Newmont,Materials
